{
  "title": "Nuit en Ville",
  "artist": "Demo (rap-style)",
  "language": "fr",
  "lines": [
    {
      "fr": "Minuit sonne, j'sors du bloc, l'air est lourd comme la veille.",
      "en": "Midnight rings, I step out the block, the air heavy like yesterday."
    },
    {
      "fr": "J'compte mes rêves et mes sous, faut que la chance s'éveille.",
      "en": "I count my dreams and my cash, luck has to wake up."
    },
    {
      "fr": "Le crew m'appelle, « frérot », on bouge sans faire d'oreille.",
      "en": "The crew calls me 'bro', we move without hesitation."
    },
    {
      "fr": "J'vise la lune, pas les rumeurs, j'avance droit sur le rail.",
      "en": "I aim for the moon, not the rumors, I move straight on track."
    },
    {
      "fr": "Si l'oseille parle, j'écoute, le resto ou bien le bail ?",
      "en": "If money speaks, I listen—dinner out or that deal?"
    },
    {
      "fr": "Maman dit: « reste clean », la vie teste nos merveilles.",
      "en": "Mum says: 'stay clean', life tests our bright sides."
    }
  ],
  "stopwords": [
    "je",
    "j",
    "tu",
    "il",
    "elle",
    "on",
    "nous",
    "vous",
    "ils",
    "elles",
    "le",
    "la",
    "les",
    "de",
    "des",
    "du",
    "un",
    "une",
    "et",
    "ou",
    "à",
    "a",
    "au",
    "aux",
    "en",
    "est",
    "suis",
    "es",
    "sommes",
    "êtes",
    "sont",
    "que",
    "qui",
    "ne",
    "pas",
    "pour",
    "dans",
    "sur",
    "ce",
    "cet",
    "cette",
    "ces",
    "mon",
    "ton",
    "son",
    "ma",
    "ta",
    "sa",
    "mes",
    "tes",
    "ses",
    "y",
    "se",
    "te",
    "me",
    "leur",
    "leurs",
    "d",
    "l",
    "m",
    "t"
  ],
  "dictionary": {
    "minuit": {
      "head": "minuit",
      "gloss": "midnight",
      "pron": "[mi-nɥi]"
    },
    "sonne": {
      "head": "sonner",
      "gloss": "to ring; rings",
      "pron": "[sɔ-ne]"
    },
    "bloc": {
      "head": "bloc",
      "gloss": "block (neighbourhood)",
      "notes": "Argot/colloquial"
    },
    "lair": {
      "head": "l'air",
      "gloss": "the air (note elision)",
      "pron": "[l‿ɛʀ]"
    },
    "lourd": {
      "head": "lourd",
      "gloss": "heavy; slang: impressive"
    },
    "veille": {
      "head": "veille",
      "gloss": "the day/night before; eve"
    },
    "compte": {
      "head": "compter",
      "gloss": "to count; counts"
    },
    "reves": {
      "head": "rêves",
      "gloss": "dreams",
      "pron": "[ʀɛv]"
    },
    "sous": {
      "head": "sous",
      "gloss": "cash/money (slang)",
      "notes": "Synonyms: oseille, thunes"
    },
    "faut": {
      "head": "il faut",
      "gloss": "one must/has to"
    },
    "chance": {
      "head": "chance",
      "gloss": "luck"
    },
    "seveille": {
      "head": "s'éveille",
      "gloss": "wakes up (reflexive)",
      "pron": "[se-vɛj]"
    },
    "crew": {
      "head": "crew",
      "gloss": "crew (loanword)"
    },
    "frefrerot": {
      "head": "frérot",
      "gloss": "bro (affectionate)",
      "pron": "[fʀe-ʀo]"
    },
    "bouge": {
      "head": "bouger",
      "gloss": "to move"
    },
    "oreille": {
      "head": "oreille",
      "gloss": "ear; expr. 'sans faire d'oreille' ~ no fuss"
    },
    "vise": {
      "head": "viser",
      "gloss": "to aim"
    },
    "lune": {
      "head": "lune",
      "gloss": "moon"
    },
    "rumeurs": {
      "head": "rumeurs",
      "gloss": "rumors"
    },
    "avance": {
      "head": "avancer",
      "gloss": "to move forward"
    },
    "droit": {
      "head": "droit",
      "gloss": "straight; right"
    },
    "rail": {
      "head": "rail",
      "gloss": "track/rail"
    },
    "oseille": {
      "head": "oseille",
      "gloss": "money (slang)",
      "notes": "Also: thunes, biff, maille"
    },
    "parle": {
      "head": "parler",
      "gloss": "to speak"
    },
    "ecoute": {
      "head": "écouter",
      "gloss": "to listen"
    },
    "resto": {
      "head": "resto",
      "gloss": "restaurant (short for 'restaurant')"
    },
    "bail": {
      "head": "bail",
      "gloss": "deal/affair; also 'lease'"
    },
    "maman": {
      "head": "maman",
      "gloss": "mum/mom"
    },
    "reste": {
      "head": "rester",
      "gloss": "to stay"
    },
    "clean": {
      "head": "clean",
      "gloss": "clean; straight (slang)"
    },
    "vie": {
      "head": "vie",
      "gloss": "life"
    },
    "teste": {
      "head": "tester",
      "gloss": "to test"
    },
    "merveilles": {
      "head": "merveilles",
      "gloss": "wonders; bright things"
    }
  }
}